Algoritmo,Versao,Threads,Tamanho,Tipo,Amostra,Tempo_ms
Bubble,Serial,1,1000,Aleatorio,1,5.6855
Bubble,Paralelo,1,1000,Aleatorio,1,80.3617
Bubble,Paralelo,2,1000,Aleatorio,1,1.2759
Bubble,Paralelo,4,1000,Aleatorio,1,3.7237
Bubble,Paralelo,8,1000,Aleatorio,1,4.8708
Selection,Serial,1,1000,Aleatorio,1,3.0365
Selection,Paralelo,1,1000,Aleatorio,1,2.5602
Selection,Paralelo,2,1000,Aleatorio,1,2.4447
Selection,Paralelo,4,1000,Aleatorio,1,3.0271
Selection,Paralelo,8,1000,Aleatorio,1,3.7077
Insertion,Serial,1,1000,Aleatorio,1,2.4417
Insertion,Paralelo,1,1000,Aleatorio,1,1.3901
Insertion,Paralelo,2,1000,Aleatorio,1,1.6876
Insertion,Paralelo,4,1000,Aleatorio,1,1.7945
Insertion,Paralelo,8,1000,Aleatorio,1,4.679
Merge,Serial,1,1000,Aleatorio,1,1.2252
Merge,Paralelo,1,1000,Aleatorio,1,0.8605
Merge,Paralelo,2,1000,Aleatorio,1,1.1824
Merge,Paralelo,4,1000,Aleatorio,1,9.8645
Merge,Paralelo,8,1000,Aleatorio,1,15.6716
Bubble,Serial,1,1000,Aleatorio,2,2.1596
Bubble,Paralelo,1,1000,Aleatorio,2,2.5593
Bubble,Paralelo,2,1000,Aleatorio,2,1.6371
Bubble,Paralelo,4,1000,Aleatorio,2,1.8287
Bubble,Paralelo,8,1000,Aleatorio,2,3.1582
Selection,Serial,1,1000,Aleatorio,2,1.1115
Selection,Paralelo,1,1000,Aleatorio,2,2.7483
Selection,Paralelo,2,1000,Aleatorio,2,1.0388
Selection,Paralelo,4,1000,Aleatorio,2,1.0538
Selection,Paralelo,8,1000,Aleatorio,2,3.6211
Insertion,Serial,1,1000,Aleatorio,2,1.3598
Insertion,Paralelo,1,1000,Aleatorio,2,4.7399
Insertion,Paralelo,2,1000,Aleatorio,2,2.8079
Insertion,Paralelo,4,1000,Aleatorio,2,2.6078
Insertion,Paralelo,8,1000,Aleatorio,2,1.7524
Merge,Serial,1,1000,Aleatorio,2,0.7213
Merge,Paralelo,1,1000,Aleatorio,2,0.7335
Merge,Paralelo,2,1000,Aleatorio,2,0.5362
Merge,Paralelo,4,1000,Aleatorio,2,1.7551
Merge,Paralelo,8,1000,Aleatorio,2,1.9122
Bubble,Serial,1,1000,Aleatorio,3,1.146
Bubble,Paralelo,1,1000,Aleatorio,3,3.5746
Bubble,Paralelo,2,1000,Aleatorio,3,2.3726
Bubble,Paralelo,4,1000,Aleatorio,3,3.8817
Bubble,Paralelo,8,1000,Aleatorio,3,2.0225
Selection,Serial,1,1000,Aleatorio,3,0.3968
Selection,Paralelo,1,1000,Aleatorio,3,0.735
Selection,Paralelo,2,1000,Aleatorio,3,0.5889
Selection,Paralelo,4,1000,Aleatorio,3,5.4745
Selection,Paralelo,8,1000,Aleatorio,3,2.001
Insertion,Serial,1,1000,Aleatorio,3,2.1089
Insertion,Paralelo,1,1000,Aleatorio,3,0.8867
Insertion,Paralelo,2,1000,Aleatorio,3,0.6667
Insertion,Paralelo,4,1000,Aleatorio,3,0.9828
Insertion,Paralelo,8,1000,Aleatorio,3,1.8231
Merge,Serial,1,1000,Aleatorio,3,0.1977
Merge,Paralelo,1,1000,Aleatorio,3,6.0486
Merge,Paralelo,2,1000,Aleatorio,3,3.8975
Merge,Paralelo,4,1000,Aleatorio,3,3.0649
Merge,Paralelo,8,1000,Aleatorio,3,1.7203
Bubble,Serial,1,1000,Aleatorio,4,1.3383
Bubble,Paralelo,1,1000,Aleatorio,4,1.5257
Bubble,Paralelo,2,1000,Aleatorio,4,2.495
Bubble,Paralelo,4,1000,Aleatorio,4,3.5078
Bubble,Paralelo,8,1000,Aleatorio,4,2.904
Selection,Serial,1,1000,Aleatorio,4,0.6643
Selection,Paralelo,1,1000,Aleatorio,4,1.4706
Selection,Paralelo,2,1000,Aleatorio,4,0.6541
Selection,Paralelo,4,1000,Aleatorio,4,0.9153
Selection,Paralelo,8,1000,Aleatorio,4,5.0486
Insertion,Serial,1,1000,Aleatorio,4,0.3695
Insertion,Paralelo,1,1000,Aleatorio,4,0.8653
Insertion,Paralelo,2,1000,Aleatorio,4,0.9467
Insertion,Paralelo,4,1000,Aleatorio,4,0.8344
Insertion,Paralelo,8,1000,Aleatorio,4,8.8651
Merge,Serial,1,1000,Aleatorio,4,0.2129
Merge,Paralelo,1,1000,Aleatorio,4,0.5837
Merge,Paralelo,2,1000,Aleatorio,4,0.6423
Merge,Paralelo,4,1000,Aleatorio,4,4.6757
Merge,Paralelo,8,1000,Aleatorio,4,9.4639
Bubble,Serial,1,1000,Aleatorio,5,1.7197
Bubble,Paralelo,1,1000,Aleatorio,5,1.837
Bubble,Paralelo,2,1000,Aleatorio,5,1.0975
Bubble,Paralelo,4,1000,Aleatorio,5,6.205
Bubble,Paralelo,8,1000,Aleatorio,5,2.6993
Selection,Serial,1,1000,Aleatorio,5,0.4551
Selection,Paralelo,1,1000,Aleatorio,5,0.9076
Selection,Paralelo,2,1000,Aleatorio,5,2.3692
Selection,Paralelo,4,1000,Aleatorio,5,1.1799
Selection,Paralelo,8,1000,Aleatorio,5,3.8264
Insertion,Serial,1,1000,Aleatorio,5,0.7219
Insertion,Paralelo,1,1000,Aleatorio,5,1.9121
Insertion,Paralelo,2,1000,Aleatorio,5,1.5258
Insertion,Paralelo,4,1000,Aleatorio,5,1.0395
Insertion,Paralelo,8,1000,Aleatorio,5,1.8863
Merge,Serial,1,1000,Aleatorio,5,0.168
Merge,Paralelo,1,1000,Aleatorio,5,0.9169
Merge,Paralelo,2,1000,Aleatorio,5,2.4262
Merge,Paralelo,4,1000,Aleatorio,5,3.3395
Merge,Paralelo,8,1000,Aleatorio,5,5.909
Bubble,Serial,1,1000,Ordenado,1,1.0694
Bubble,Paralelo,1,1000,Ordenado,1,0.93
Bubble,Paralelo,2,1000,Ordenado,1,3.2463
Bubble,Paralelo,4,1000,Ordenado,1,2.9422
Bubble,Paralelo,8,1000,Ordenado,1,4.2913
Selection,Serial,1,1000,Ordenado,1,0.4235
Selection,Paralelo,1,1000,Ordenado,1,0.8724
Selection,Paralelo,2,1000,Ordenado,1,1.1486
Selection,Paralelo,4,1000,Ordenado,1,7.5922
Selection,Paralelo,8,1000,Ordenado,1,2.6568
Insertion,Serial,1,1000,Ordenado,1,0.0043
Insertion,Paralelo,1,1000,Ordenado,1,0.4355
Insertion,Paralelo,2,1000,Ordenado,1,0.6744
Insertion,Paralelo,4,1000,Ordenado,1,1.0883
Insertion,Paralelo,8,1000,Ordenado,1,16.9042
Merge,Serial,1,1000,Ordenado,1,0.1013
Merge,Paralelo,1,1000,Ordenado,1,9.2523
Merge,Paralelo,2,1000,Ordenado,1,0.5592
Merge,Paralelo,4,1000,Ordenado,1,1.2915
Merge,Paralelo,8,1000,Ordenado,1,5.1086
Bubble,Serial,1,1000,Ordenado,2,0.3778
Bubble,Paralelo,1,1000,Ordenado,2,1.2627
Bubble,Paralelo,2,1000,Ordenado,2,2.7813
Bubble,Paralelo,4,1000,Ordenado,2,0.8677
Bubble,Paralelo,8,1000,Ordenado,2,4.5111
Selection,Serial,1,1000,Ordenado,2,0.4386
Selection,Paralelo,1,1000,Ordenado,2,0.8915
Selection,Paralelo,2,1000,Ordenado,2,0.5101
Selection,Paralelo,4,1000,Ordenado,2,1.1493
Selection,Paralelo,8,1000,Ordenado,2,3.41
Insertion,Serial,1,1000,Ordenado,2,0.0036
Insertion,Paralelo,1,1000,Ordenado,2,0.3934
Insertion,Paralelo,2,1000,Ordenado,2,0.4314
Insertion,Paralelo,4,1000,Ordenado,2,0.6632
Insertion,Paralelo,8,1000,Ordenado,2,3.575
Merge,Serial,1,1000,Ordenado,2,0.1104
Merge,Paralelo,1,1000,Ordenado,2,0.4696
Merge,Paralelo,2,1000,Ordenado,2,0.687
Merge,Paralelo,4,1000,Ordenado,2,3.6213
Merge,Paralelo,8,1000,Ordenado,2,1.3058
Bubble,Serial,1,1000,Ordenado,3,0.5722
Bubble,Paralelo,1,1000,Ordenado,3,0.6341
Bubble,Paralelo,2,1000,Ordenado,3,0.55
Bubble,Paralelo,4,1000,Ordenado,3,1.6035
Bubble,Paralelo,8,1000,Ordenado,3,2.1894
Selection,Serial,1,1000,Ordenado,3,0.4871
Selection,Paralelo,1,1000,Ordenado,3,0.6345
Selection,Paralelo,2,1000,Ordenado,3,1.8825
Selection,Paralelo,4,1000,Ordenado,3,1.2517
Selection,Paralelo,8,1000,Ordenado,3,5.0723
Insertion,Serial,1,1000,Ordenado,3,0.0037
Insertion,Paralelo,1,1000,Ordenado,3,0.3868
Insertion,Paralelo,2,1000,Ordenado,3,0.5933
Insertion,Paralelo,4,1000,Ordenado,3,3.583
Insertion,Paralelo,8,1000,Ordenado,3,1.6449
Merge,Serial,1,1000,Ordenado,3,0.0736
Merge,Paralelo,1,1000,Ordenado,3,0.4335
Merge,Paralelo,2,1000,Ordenado,3,0.4571
Merge,Paralelo,4,1000,Ordenado,3,1.1481
Merge,Paralelo,8,1000,Ordenado,3,2.7406
Bubble,Serial,1,1000,Ordenado,4,0.4029
Bubble,Paralelo,1,1000,Ordenado,4,0.967
Bubble,Paralelo,2,1000,Ordenado,4,1.0024
Bubble,Paralelo,4,1000,Ordenado,4,0.9256
Bubble,Paralelo,8,1000,Ordenado,4,5.0086
Selection,Serial,1,1000,Ordenado,4,0.3026
Selection,Paralelo,1,1000,Ordenado,4,0.7958
Selection,Paralelo,2,1000,Ordenado,4,0.4121
Selection,Paralelo,4,1000,Ordenado,4,0.6841
Selection,Paralelo,8,1000,Ordenado,4,0.9307
Insertion,Serial,1,1000,Ordenado,4,0.0037
Insertion,Paralelo,1,1000,Ordenado,4,0.3017
Insertion,Paralelo,2,1000,Ordenado,4,3.7891
Insertion,Paralelo,4,1000,Ordenado,4,0.7398
Insertion,Paralelo,8,1000,Ordenado,4,1.4255
Merge,Serial,1,1000,Ordenado,4,0.1026
Merge,Paralelo,1,1000,Ordenado,4,0.3508
Merge,Paralelo,2,1000,Ordenado,4,1.8324
Merge,Paralelo,4,1000,Ordenado,4,1.6791
Merge,Paralelo,8,1000,Ordenado,4,1.5272
Bubble,Serial,1,1000,Ordenado,5,0.405
Bubble,Paralelo,1,1000,Ordenado,5,0.8359
Bubble,Paralelo,2,1000,Ordenado,5,0.8347
Bubble,Paralelo,4,1000,Ordenado,5,2.168
Bubble,Paralelo,8,1000,Ordenado,5,1.9948
Selection,Serial,1,1000,Ordenado,5,0.4202
Selection,Paralelo,1,1000,Ordenado,5,0.6422
Selection,Paralelo,2,1000,Ordenado,5,0.543
Selection,Paralelo,4,1000,Ordenado,5,3.1285
Selection,Paralelo,8,1000,Ordenado,5,1.735
Insertion,Serial,1,1000,Ordenado,5,0.0035
Insertion,Paralelo,1,1000,Ordenado,5,2.0553
Insertion,Paralelo,2,1000,Ordenado,5,0.7885
Insertion,Paralelo,4,1000,Ordenado,5,0.8695
Insertion,Paralelo,8,1000,Ordenado,5,1.4683
Merge,Serial,1,1000,Ordenado,5,0.1291
Merge,Paralelo,1,1000,Ordenado,5,0.5478
Merge,Paralelo,2,1000,Ordenado,5,54.376
Merge,Paralelo,4,1000,Ordenado,5,5.7062
Merge,Paralelo,8,1000,Ordenado,5,2.6835
Bubble,Serial,1,1000,Reverso,1,0.534
Bubble,Paralelo,1,1000,Reverso,1,1.4321
Bubble,Paralelo,2,1000,Reverso,1,1.0128
Bubble,Paralelo,4,1000,Reverso,1,0.9808
Bubble,Paralelo,8,1000,Reverso,1,31.6024
Selection,Serial,1,1000,Reverso,1,0.5697
Selection,Paralelo,1,1000,Reverso,1,0.9196
Selection,Paralelo,2,1000,Reverso,1,0.565
Selection,Paralelo,4,1000,Reverso,1,0.9227
Selection,Paralelo,8,1000,Reverso,1,2.4431
Insertion,Serial,1,1000,Reverso,1,0.8966
Insertion,Paralelo,1,1000,Reverso,1,1.3257
Insertion,Paralelo,2,1000,Reverso,1,3.9281
Insertion,Paralelo,4,1000,Reverso,1,1.1412
Insertion,Paralelo,8,1000,Reverso,1,1.5725
Merge,Serial,1,1000,Reverso,1,0.1475
Merge,Paralelo,1,1000,Reverso,1,0.4565
Merge,Paralelo,2,1000,Reverso,1,1.9738
Merge,Paralelo,4,1000,Reverso,1,0.8341
Merge,Paralelo,8,1000,Reverso,1,0.9992
Bubble,Serial,1,1000,Reverso,2,0.5707
Bubble,Paralelo,1,1000,Reverso,2,0.9441
Bubble,Paralelo,2,1000,Reverso,2,0.688
Bubble,Paralelo,4,1000,Reverso,2,7.6506
Bubble,Paralelo,8,1000,Reverso,2,3.2738
Selection,Serial,1,1000,Reverso,2,0.5941
Selection,Paralelo,1,1000,Reverso,2,1.1077
Selection,Paralelo,2,1000,Reverso,2,0.5811
Selection,Paralelo,4,1000,Reverso,2,0.6372
Selection,Paralelo,8,1000,Reverso,2,1.0614
Insertion,Serial,1,1000,Reverso,2,2.5533
Insertion,Paralelo,1,1000,Reverso,2,1.794
Insertion,Paralelo,2,1000,Reverso,2,0.8353
Insertion,Paralelo,4,1000,Reverso,2,0.8846
Insertion,Paralelo,8,1000,Reverso,2,1.5321
Merge,Serial,1,1000,Reverso,2,0.1087
Merge,Paralelo,1,1000,Reverso,2,1.6996
Merge,Paralelo,2,1000,Reverso,2,0.9967
Merge,Paralelo,4,1000,Reverso,2,0.7087
Merge,Paralelo,8,1000,Reverso,2,1.1503
Bubble,Serial,1,1000,Reverso,3,0.5796
Bubble,Paralelo,1,1000,Reverso,3,1.0007
Bubble,Paralelo,2,1000,Reverso,3,3.2962
Bubble,Paralelo,4,1000,Reverso,3,1.3825
Bubble,Paralelo,8,1000,Reverso,3,1.8097
Selection,Serial,1,1000,Reverso,3,0.9447
Selection,Paralelo,1,1000,Reverso,3,0.9816
Selection,Paralelo,2,1000,Reverso,3,3.2296
Selection,Paralelo,4,1000,Reverso,3,1.1078
Selection,Paralelo,8,1000,Reverso,3,3.0928
Insertion,Serial,1,1000,Reverso,3,1.1935
Insertion,Paralelo,1,1000,Reverso,3,1.6117
Insertion,Paralelo,2,1000,Reverso,3,0.6932
Insertion,Paralelo,4,1000,Reverso,3,0.9242
Insertion,Paralelo,8,1000,Reverso,3,3.5341
Merge,Serial,1,1000,Reverso,3,0.124
Merge,Paralelo,1,1000,Reverso,3,0.5226
Merge,Paralelo,2,1000,Reverso,3,0.558
Merge,Paralelo,4,1000,Reverso,3,0.922
Merge,Paralelo,8,1000,Reverso,3,5.8076
Bubble,Serial,1,1000,Reverso,4,0.553
Bubble,Paralelo,1,1000,Reverso,4,1.7692
Bubble,Paralelo,2,1000,Reverso,4,1.1795
Bubble,Paralelo,4,1000,Reverso,4,0.8496
Bubble,Paralelo,8,1000,Reverso,4,1.1351
Selection,Serial,1,1000,Reverso,4,2.5009
Selection,Paralelo,1,1000,Reverso,4,3.0956
Selection,Paralelo,2,1000,Reverso,4,0.5705
Selection,Paralelo,4,1000,Reverso,4,0.7279
Selection,Paralelo,8,1000,Reverso,4,1.1827
Insertion,Serial,1,1000,Reverso,4,0.6317
Insertion,Paralelo,1,1000,Reverso,4,1.0273
Insertion,Paralelo,2,1000,Reverso,4,1.289
Insertion,Paralelo,4,1000,Reverso,4,0.7402
Insertion,Paralelo,8,1000,Reverso,4,1.1109
Merge,Serial,1,1000,Reverso,4,0.0849
Merge,Paralelo,1,1000,Reverso,4,0.5038
Merge,Paralelo,2,1000,Reverso,4,0.4693
Merge,Paralelo,4,1000,Reverso,4,5.2891
Merge,Paralelo,8,1000,Reverso,4,1.9621
Bubble,Serial,1,1000,Reverso,5,0.8108
Bubble,Paralelo,1,1000,Reverso,5,1.2416
Bubble,Paralelo,2,1000,Reverso,5,0.7839
Bubble,Paralelo,4,1000,Reverso,5,2.7213
Bubble,Paralelo,8,1000,Reverso,5,14.8921
Selection,Serial,1,1000,Reverso,5,0.8029
Selection,Paralelo,1,1000,Reverso,5,0.8545
Selection,Paralelo,2,1000,Reverso,5,4.5393
Selection,Paralelo,4,1000,Reverso,5,1.606
Selection,Paralelo,8,1000,Reverso,5,2.0405
Insertion,Serial,1,1000,Reverso,5,1.0142
Insertion,Paralelo,1,1000,Reverso,5,1.0854
Insertion,Paralelo,2,1000,Reverso,5,4.6497
Insertion,Paralelo,4,1000,Reverso,5,3.8653
Insertion,Paralelo,8,1000,Reverso,5,1.4956
Merge,Serial,1,1000,Reverso,5,0.1511
Merge,Paralelo,1,1000,Reverso,5,3.3373
Merge,Paralelo,2,1000,Reverso,5,1.7957
Merge,Paralelo,4,1000,Reverso,5,1.3654
Merge,Paralelo,8,1000,Reverso,5,1.4882
Bubble,Serial,1,5000,Aleatorio,1,43.0754
Bubble,Paralelo,1,5000,Aleatorio,1,51.8573
Bubble,Paralelo,2,5000,Aleatorio,1,15.3937
Bubble,Paralelo,4,5000,Aleatorio,1,9.0449
Bubble,Paralelo,8,5000,Aleatorio,1,8.1276
Selection,Serial,1,5000,Aleatorio,1,13.2428
Selection,Paralelo,1,5000,Aleatorio,1,13.9204
Selection,Paralelo,2,5000,Aleatorio,1,6.6753
Selection,Paralelo,4,5000,Aleatorio,1,7.7991
Selection,Paralelo,8,5000,Aleatorio,1,2.6954
Insertion,Serial,1,5000,Aleatorio,1,8.0577
Insertion,Paralelo,1,5000,Aleatorio,1,13.1853
Insertion,Paralelo,2,5000,Aleatorio,1,9.0441
Insertion,Paralelo,4,5000,Aleatorio,1,2.7183
Insertion,Paralelo,8,5000,Aleatorio,1,3.3613
Merge,Serial,1,5000,Aleatorio,1,0.9165
Merge,Paralelo,1,5000,Aleatorio,1,1.31
Merge,Paralelo,2,5000,Aleatorio,1,1.4836
Merge,Paralelo,4,5000,Aleatorio,1,7.158
Merge,Paralelo,8,5000,Aleatorio,1,2.7576
Bubble,Serial,1,5000,Aleatorio,2,40.1733
Bubble,Paralelo,1,5000,Aleatorio,2,28.2453
Bubble,Paralelo,2,5000,Aleatorio,2,11.3226
Bubble,Paralelo,4,5000,Aleatorio,2,4.0985
Bubble,Paralelo,8,5000,Aleatorio,2,3.3512
Selection,Serial,1,5000,Aleatorio,2,9.2136
Selection,Paralelo,1,5000,Aleatorio,2,11.8459
Selection,Paralelo,2,5000,Aleatorio,2,3.1287
Selection,Paralelo,4,5000,Aleatorio,2,2.2952
Selection,Paralelo,8,5000,Aleatorio,2,6.7506
Insertion,Serial,1,5000,Aleatorio,2,12.5384
Insertion,Paralelo,1,5000,Aleatorio,2,10.163
Insertion,Paralelo,2,5000,Aleatorio,2,3.4151
Insertion,Paralelo,4,5000,Aleatorio,2,5.0633
Insertion,Paralelo,8,5000,Aleatorio,2,1.8181
Merge,Serial,1,5000,Aleatorio,2,0.7678
Merge,Paralelo,1,5000,Aleatorio,2,1.1052
Merge,Paralelo,2,5000,Aleatorio,2,0.8868
Merge,Paralelo,4,5000,Aleatorio,2,1.987
Merge,Paralelo,8,5000,Aleatorio,2,2.4607
Bubble,Serial,1,5000,Aleatorio,3,39.9042
Bubble,Paralelo,1,5000,Aleatorio,3,31.4669
Bubble,Paralelo,2,5000,Aleatorio,3,9.0699
Bubble,Paralelo,4,5000,Aleatorio,3,3.3833
Bubble,Paralelo,8,5000,Aleatorio,3,5.1862
Selection,Serial,1,5000,Aleatorio,3,7.8456
Selection,Paralelo,1,5000,Aleatorio,3,9.5506
Selection,Paralelo,2,5000,Aleatorio,3,2.6925
Selection,Paralelo,4,5000,Aleatorio,3,3.3317
Selection,Paralelo,8,5000,Aleatorio,3,1.8201
Insertion,Serial,1,5000,Aleatorio,3,10.8623
Insertion,Paralelo,1,5000,Aleatorio,3,9.917
Insertion,Paralelo,2,5000,Aleatorio,3,2.2293
Insertion,Paralelo,4,5000,Aleatorio,3,1.4179
Insertion,Paralelo,8,5000,Aleatorio,3,1.7387
Merge,Serial,1,5000,Aleatorio,3,0.9503
Merge,Paralelo,1,5000,Aleatorio,3,1.1533
Merge,Paralelo,2,5000,Aleatorio,3,0.7602
Merge,Paralelo,4,5000,Aleatorio,3,0.793
Merge,Paralelo,8,5000,Aleatorio,3,1.1802
Bubble,Serial,1,5000,Aleatorio,4,29.8311
Bubble,Paralelo,1,5000,Aleatorio,4,27.2804
Bubble,Paralelo,2,5000,Aleatorio,4,9.3321
Bubble,Paralelo,4,5000,Aleatorio,4,3.811
Bubble,Paralelo,8,5000,Aleatorio,4,2.353
Selection,Serial,1,5000,Aleatorio,4,7.1058
Selection,Paralelo,1,5000,Aleatorio,4,10.6725
Selection,Paralelo,2,5000,Aleatorio,4,3.8939
Selection,Paralelo,4,5000,Aleatorio,4,1.5703
Selection,Paralelo,8,5000,Aleatorio,4,4.5134
Insertion,Serial,1,5000,Aleatorio,4,6.7501
Insertion,Paralelo,1,5000,Aleatorio,4,8.2381
Insertion,Paralelo,2,5000,Aleatorio,4,2.9827
Insertion,Paralelo,4,5000,Aleatorio,4,2.5367
Insertion,Paralelo,8,5000,Aleatorio,4,1.7281
Merge,Serial,1,5000,Aleatorio,4,0.7594
Merge,Paralelo,1,5000,Aleatorio,4,0.9996
Merge,Paralelo,2,5000,Aleatorio,4,0.8254
Merge,Paralelo,4,5000,Aleatorio,4,1.2532
Merge,Paralelo,8,5000,Aleatorio,4,3.6013
Bubble,Serial,1,5000,Aleatorio,5,29.7374
Bubble,Paralelo,1,5000,Aleatorio,5,28.5167
Bubble,Paralelo,2,5000,Aleatorio,5,10.1369
Bubble,Paralelo,4,5000,Aleatorio,5,5.0909
Bubble,Paralelo,8,5000,Aleatorio,5,2.6728
Selection,Serial,1,5000,Aleatorio,5,9.2592
Selection,Paralelo,1,5000,Aleatorio,5,7.7162
Selection,Paralelo,2,5000,Aleatorio,5,5.5415
Selection,Paralelo,4,5000,Aleatorio,5,2.2236
Selection,Paralelo,8,5000,Aleatorio,5,2.8314
Insertion,Serial,1,5000,Aleatorio,5,5.9657
Insertion,Paralelo,1,5000,Aleatorio,5,9.3171
Insertion,Paralelo,2,5000,Aleatorio,5,2.6478
Insertion,Paralelo,4,5000,Aleatorio,5,1.3348
Insertion,Paralelo,8,5000,Aleatorio,5,2.1999
Merge,Serial,1,5000,Aleatorio,5,0.7276
Merge,Paralelo,1,5000,Aleatorio,5,0.9403
Merge,Paralelo,2,5000,Aleatorio,5,2.2789
Merge,Paralelo,4,5000,Aleatorio,5,1.254
Merge,Paralelo,8,5000,Aleatorio,5,2.5759
Bubble,Serial,1,5000,Ordenado,1,6.7956
Bubble,Paralelo,1,5000,Ordenado,1,9.34
Bubble,Paralelo,2,5000,Ordenado,1,1.88
Bubble,Paralelo,4,5000,Ordenado,1,1.2361
Bubble,Paralelo,8,5000,Ordenado,1,1.1926
Selection,Serial,1,5000,Ordenado,1,8.9936
Selection,Paralelo,1,5000,Ordenado,1,7.7661
Selection,Paralelo,2,5000,Ordenado,1,2.7505
Selection,Paralelo,4,5000,Ordenado,1,1.6338
Selection,Paralelo,8,5000,Ordenado,1,4.5371
Insertion,Serial,1,5000,Ordenado,1,0.0124
Insertion,Paralelo,1,5000,Ordenado,1,0.3906
Insertion,Paralelo,2,5000,Ordenado,1,0.395
Insertion,Paralelo,4,5000,Ordenado,1,0.6542
Insertion,Paralelo,8,5000,Ordenado,1,1.1673
Merge,Serial,1,5000,Ordenado,1,0.3645
Merge,Paralelo,1,5000,Ordenado,1,0.6964
Merge,Paralelo,2,5000,Ordenado,1,0.5794
Merge,Paralelo,4,5000,Ordenado,1,0.6709
Merge,Paralelo,8,5000,Ordenado,1,0.9934
Bubble,Serial,1,5000,Ordenado,2,9.8619
Bubble,Paralelo,1,5000,Ordenado,2,8.0627
Bubble,Paralelo,2,5000,Ordenado,2,3.7046
Bubble,Paralelo,4,5000,Ordenado,2,2.5446
Bubble,Paralelo,8,5000,Ordenado,2,1.1738
Selection,Serial,1,5000,Ordenado,2,5.7873
Selection,Paralelo,1,5000,Ordenado,2,8.7475
Selection,Paralelo,2,5000,Ordenado,2,3.298
Selection,Paralelo,4,5000,Ordenado,2,1.6157
Selection,Paralelo,8,5000,Ordenado,2,1.2061
Insertion,Serial,1,5000,Ordenado,2,0.0084
Insertion,Paralelo,1,5000,Ordenado,2,0.4355
Insertion,Paralelo,2,5000,Ordenado,2,0.3718
Insertion,Paralelo,4,5000,Ordenado,2,2.8206
Insertion,Paralelo,8,5000,Ordenado,2,1.8796
Merge,Serial,1,5000,Ordenado,2,0.3983
Merge,Paralelo,1,5000,Ordenado,2,0.6454
Merge,Paralelo,2,5000,Ordenado,2,0.5788
Merge,Paralelo,4,5000,Ordenado,2,0.6521
Merge,Paralelo,8,5000,Ordenado,2,1.3035
Bubble,Serial,1,5000,Ordenado,3,6.7605
Bubble,Paralelo,1,5000,Ordenado,3,10.269
Bubble,Paralelo,2,5000,Ordenado,3,2.1962
Bubble,Paralelo,4,5000,Ordenado,3,1.1143
Bubble,Paralelo,8,5000,Ordenado,3,1.1732
Selection,Serial,1,5000,Ordenado,3,9.2069
Selection,Paralelo,1,5000,Ordenado,3,7.47
Selection,Paralelo,2,5000,Ordenado,3,21.6587
Selection,Paralelo,4,5000,Ordenado,3,1.9687
Selection,Paralelo,8,5000,Ordenado,3,2.2055
Insertion,Serial,1,5000,Ordenado,3,0.0122
Insertion,Paralelo,1,5000,Ordenado,3,0.3458
Insertion,Paralelo,2,5000,Ordenado,3,0.5487
Insertion,Paralelo,4,5000,Ordenado,3,0.6479
Insertion,Paralelo,8,5000,Ordenado,3,0.8185
Merge,Serial,1,5000,Ordenado,3,0.5008
Merge,Paralelo,1,5000,Ordenado,3,1.0246
Merge,Paralelo,2,5000,Ordenado,3,1.0643
Merge,Paralelo,4,5000,Ordenado,3,0.9889
Merge,Paralelo,8,5000,Ordenado,3,3.2593
Bubble,Serial,1,5000,Ordenado,4,7.8734
Bubble,Paralelo,1,5000,Ordenado,4,10.4743
Bubble,Paralelo,2,5000,Ordenado,4,3.6056
Bubble,Paralelo,4,5000,Ordenado,4,2.5707
Bubble,Paralelo,8,5000,Ordenado,4,2.3882
Selection,Serial,1,5000,Ordenado,4,10.1145
Selection,Paralelo,1,5000,Ordenado,4,7.4231
Selection,Paralelo,2,5000,Ordenado,4,4.9624
Selection,Paralelo,4,5000,Ordenado,4,2.0051
Selection,Paralelo,8,5000,Ordenado,4,1.5485
Insertion,Serial,1,5000,Ordenado,4,0.3043
Insertion,Paralelo,1,5000,Ordenado,4,0.446
Insertion,Paralelo,2,5000,Ordenado,4,0.7545
Insertion,Paralelo,4,5000,Ordenado,4,0.8192
Insertion,Paralelo,8,5000,Ordenado,4,0.9279
Merge,Serial,1,5000,Ordenado,4,0.4203
Merge,Paralelo,1,5000,Ordenado,4,0.6353
Merge,Paralelo,2,5000,Ordenado,4,0.9404
Merge,Paralelo,4,5000,Ordenado,4,2.4675
Merge,Paralelo,8,5000,Ordenado,4,2.3767
Bubble,Serial,1,5000,Ordenado,5,7.6913
Bubble,Paralelo,1,5000,Ordenado,5,9.1892
Bubble,Paralelo,2,5000,Ordenado,5,2.8955
Bubble,Paralelo,4,5000,Ordenado,5,1.6398
Bubble,Paralelo,8,5000,Ordenado,5,3.8843
Selection,Serial,1,5000,Ordenado,5,9.2406
Selection,Paralelo,1,5000,Ordenado,5,6.8908
Selection,Paralelo,2,5000,Ordenado,5,4.7164
Selection,Paralelo,4,5000,Ordenado,5,1.888
Selection,Paralelo,8,5000,Ordenado,5,1.8495
Insertion,Serial,1,5000,Ordenado,5,0.0113
Insertion,Paralelo,1,5000,Ordenado,5,0.532
Insertion,Paralelo,2,5000,Ordenado,5,0.356
Insertion,Paralelo,4,5000,Ordenado,5,0.5884
Insertion,Paralelo,8,5000,Ordenado,5,0.9138
Merge,Serial,1,5000,Ordenado,5,0.4012
Merge,Paralelo,1,5000,Ordenado,5,0.7205
Merge,Paralelo,2,5000,Ordenado,5,0.8534
Merge,Paralelo,4,5000,Ordenado,5,0.8582
Merge,Paralelo,8,5000,Ordenado,5,1.175
Bubble,Serial,1,5000,Reverso,1,15.5761
Bubble,Paralelo,1,5000,Reverso,1,16.4114
Bubble,Paralelo,2,5000,Reverso,1,5.9581
Bubble,Paralelo,4,5000,Reverso,1,2.134
Bubble,Paralelo,8,5000,Reverso,1,1.5554
Selection,Serial,1,5000,Reverso,1,11.4731
Selection,Paralelo,1,5000,Reverso,1,10.663
Selection,Paralelo,2,5000,Reverso,1,8.5581
Selection,Paralelo,4,5000,Reverso,1,2.8529
Selection,Paralelo,8,5000,Reverso,1,1.6288
Insertion,Serial,1,5000,Reverso,1,15.4175
Insertion,Paralelo,1,5000,Reverso,1,16.2129
Insertion,Paralelo,2,5000,Reverso,1,4.8824
Insertion,Paralelo,4,5000,Reverso,1,4.8732
Insertion,Paralelo,8,5000,Reverso,1,1.868
Merge,Serial,1,5000,Reverso,1,0.4444
Merge,Paralelo,1,5000,Reverso,1,0.7987
Merge,Paralelo,2,5000,Reverso,1,0.6713
Merge,Paralelo,4,5000,Reverso,1,0.9215
Merge,Paralelo,8,5000,Reverso,1,3.175
Bubble,Serial,1,5000,Reverso,2,16.7957
Bubble,Paralelo,1,5000,Reverso,2,19.0847
Bubble,Paralelo,2,5000,Reverso,2,8.4674
Bubble,Paralelo,4,5000,Reverso,2,3.0537
Bubble,Paralelo,8,5000,Reverso,2,1.8331
Selection,Serial,1,5000,Reverso,2,14.3967
Selection,Paralelo,1,5000,Reverso,2,14.4807
Selection,Paralelo,2,5000,Reverso,2,3.9306
Selection,Paralelo,4,5000,Reverso,2,2.544
Selection,Paralelo,8,5000,Reverso,2,3.6617
Insertion,Serial,1,5000,Reverso,2,27.2696
Insertion,Paralelo,1,5000,Reverso,2,29.6601
Insertion,Paralelo,2,5000,Reverso,2,13.174
Insertion,Paralelo,4,5000,Reverso,2,6.2968
Insertion,Paralelo,8,5000,Reverso,2,11.6047
Merge,Serial,1,5000,Reverso,2,0.8744
Merge,Paralelo,1,5000,Reverso,2,3.5965
Merge,Paralelo,2,5000,Reverso,2,4.1503
Merge,Paralelo,4,5000,Reverso,2,8.0065
Merge,Paralelo,8,5000,Reverso,2,4.8056
Bubble,Serial,1,5000,Reverso,3,30.1782
Bubble,Paralelo,1,5000,Reverso,3,31.5716
Bubble,Paralelo,2,5000,Reverso,3,7.6998
Bubble,Paralelo,4,5000,Reverso,3,10.9809
Bubble,Paralelo,8,5000,Reverso,3,3.4241
Selection,Serial,1,5000,Reverso,3,22.8197
Selection,Paralelo,1,5000,Reverso,3,24.5674
Selection,Paralelo,2,5000,Reverso,3,11.505
Selection,Paralelo,4,5000,Reverso,3,6.1371
Selection,Paralelo,8,5000,Reverso,3,9.7591
Insertion,Serial,1,5000,Reverso,3,31.7405
Insertion,Paralelo,1,5000,Reverso,3,18.349
Insertion,Paralelo,2,5000,Reverso,3,12.4509
Insertion,Paralelo,4,5000,Reverso,3,4.2429
Insertion,Paralelo,8,5000,Reverso,3,7.2073
Merge,Serial,1,5000,Reverso,3,0.5119
Merge,Paralelo,1,5000,Reverso,3,0.983
Merge,Paralelo,2,5000,Reverso,3,0.8187
Merge,Paralelo,4,5000,Reverso,3,1.3604
Merge,Paralelo,8,5000,Reverso,3,2.6443
Bubble,Serial,1,5000,Reverso,4,23.5672
Bubble,Paralelo,1,5000,Reverso,4,21.6782
Bubble,Paralelo,2,5000,Reverso,4,10.8847
Bubble,Paralelo,4,5000,Reverso,4,3.8582
Bubble,Paralelo,8,5000,Reverso,4,10.5105
Selection,Serial,1,5000,Reverso,4,17.1183
Selection,Paralelo,1,5000,Reverso,4,15.5338
Selection,Paralelo,2,5000,Reverso,4,4.5719
Selection,Paralelo,4,5000,Reverso,4,2.3456
Selection,Paralelo,8,5000,Reverso,4,1.8741
Insertion,Serial,1,5000,Reverso,4,14.8644
Insertion,Paralelo,1,5000,Reverso,4,14.722
Insertion,Paralelo,2,5000,Reverso,4,6.4613
Insertion,Paralelo,4,5000,Reverso,4,2.5338
Insertion,Paralelo,8,5000,Reverso,4,1.714
Merge,Serial,1,5000,Reverso,4,0.5979
Merge,Paralelo,1,5000,Reverso,4,0.8443
Merge,Paralelo,2,5000,Reverso,4,0.6822
Merge,Paralelo,4,5000,Reverso,4,0.7448
Merge,Paralelo,8,5000,Reverso,4,1.5077
Bubble,Serial,1,5000,Reverso,5,16.3509
Bubble,Paralelo,1,5000,Reverso,5,19.2258
Bubble,Paralelo,2,5000,Reverso,5,5.3794
Bubble,Paralelo,4,5000,Reverso,5,2.3534
Bubble,Paralelo,8,5000,Reverso,5,1.6044
Selection,Serial,1,5000,Reverso,5,11.0387
Selection,Paralelo,1,5000,Reverso,5,10.5289
Selection,Paralelo,2,5000,Reverso,5,4.2325
Selection,Paralelo,4,5000,Reverso,5,2.7036
Selection,Paralelo,8,5000,Reverso,5,1.9995
Insertion,Serial,1,5000,Reverso,5,13.9504
Insertion,Paralelo,1,5000,Reverso,5,15.1284
Insertion,Paralelo,2,5000,Reverso,5,3.9834
Insertion,Paralelo,4,5000,Reverso,5,2.5756
Insertion,Paralelo,8,5000,Reverso,5,2.0913
Merge,Serial,1,5000,Reverso,5,0.4776
Merge,Paralelo,1,5000,Reverso,5,0.7528
Merge,Paralelo,2,5000,Reverso,5,0.6092
Merge,Paralelo,4,5000,Reverso,5,0.7052
Merge,Paralelo,8,5000,Reverso,5,3.0647
Bubble,Serial,1,10000,Aleatorio,1,123.8203
Bubble,Paralelo,1,10000,Aleatorio,1,118.7423
Bubble,Paralelo,2,10000,Aleatorio,1,38.6666
Bubble,Paralelo,4,10000,Aleatorio,1,13.1635
Bubble,Paralelo,8,10000,Aleatorio,1,9.2256
Selection,Serial,1,10000,Aleatorio,1,36.4755
Selection,Paralelo,1,10000,Aleatorio,1,34.7798
Selection,Paralelo,2,10000,Aleatorio,1,11.408
Selection,Paralelo,4,10000,Aleatorio,1,4.6587
Selection,Paralelo,8,10000,Aleatorio,1,3.2697
Insertion,Serial,1,10000,Aleatorio,1,28.7904
Insertion,Paralelo,1,10000,Aleatorio,1,96.1913
Insertion,Paralelo,2,10000,Aleatorio,1,37.9055
Insertion,Paralelo,4,10000,Aleatorio,1,6.1714
Insertion,Paralelo,8,10000,Aleatorio,1,5.5995
Merge,Serial,1,10000,Aleatorio,1,1.5644
Merge,Paralelo,1,10000,Aleatorio,1,1.6878
Merge,Paralelo,2,10000,Aleatorio,1,1.2336
Merge,Paralelo,4,10000,Aleatorio,1,1.5696
Merge,Paralelo,8,10000,Aleatorio,1,1.5777
Bubble,Serial,1,10000,Aleatorio,2,128.9398
Bubble,Paralelo,1,10000,Aleatorio,2,116.8956
Bubble,Paralelo,2,10000,Aleatorio,2,32.5055
Bubble,Paralelo,4,10000,Aleatorio,2,12.5922
Bubble,Paralelo,8,10000,Aleatorio,2,5.6285
Selection,Serial,1,10000,Aleatorio,2,39.5887
Selection,Paralelo,1,10000,Aleatorio,2,38.5001
Selection,Paralelo,2,10000,Aleatorio,2,8.7936
Selection,Paralelo,4,10000,Aleatorio,2,9.3498
Selection,Paralelo,8,10000,Aleatorio,2,29.1514
Insertion,Serial,1,10000,Aleatorio,2,27.8061
Insertion,Paralelo,1,10000,Aleatorio,2,28.1522
Insertion,Paralelo,2,10000,Aleatorio,2,10.3879
Insertion,Paralelo,4,10000,Aleatorio,2,4.0251
Insertion,Paralelo,8,10000,Aleatorio,2,2.5523
Merge,Serial,1,10000,Aleatorio,2,1.5746
Merge,Paralelo,1,10000,Aleatorio,2,1.8109
Merge,Paralelo,2,10000,Aleatorio,2,1.2473
Merge,Paralelo,4,10000,Aleatorio,2,4.7734
Merge,Paralelo,8,10000,Aleatorio,2,2.1468
Bubble,Serial,1,10000,Aleatorio,3,123.8814
Bubble,Paralelo,1,10000,Aleatorio,3,122.9479
Bubble,Paralelo,2,10000,Aleatorio,3,31.5349
Bubble,Paralelo,4,10000,Aleatorio,3,11.0013
Bubble,Paralelo,8,10000,Aleatorio,3,7.0887
Selection,Serial,1,10000,Aleatorio,3,35.74
Selection,Paralelo,1,10000,Aleatorio,3,35.392
Selection,Paralelo,2,10000,Aleatorio,3,12.3943
Selection,Paralelo,4,10000,Aleatorio,3,7.7457
Selection,Paralelo,8,10000,Aleatorio,3,3.9181
Insertion,Serial,1,10000,Aleatorio,3,25.6655
Insertion,Paralelo,1,10000,Aleatorio,3,31.835
Insertion,Paralelo,2,10000,Aleatorio,3,10.3282
Insertion,Paralelo,4,10000,Aleatorio,3,4.0231
Insertion,Paralelo,8,10000,Aleatorio,3,2.5013
Merge,Serial,1,10000,Aleatorio,3,1.5506
Merge,Paralelo,1,10000,Aleatorio,3,2.502
Merge,Paralelo,2,10000,Aleatorio,3,1.4765
Merge,Paralelo,4,10000,Aleatorio,3,2.3742
Merge,Paralelo,8,10000,Aleatorio,3,1.8986
Bubble,Serial,1,10000,Aleatorio,4,114.089
Bubble,Paralelo,1,10000,Aleatorio,4,127.0835
Bubble,Paralelo,2,10000,Aleatorio,4,33.9469
Bubble,Paralelo,4,10000,Aleatorio,4,9.7045
Bubble,Paralelo,8,10000,Aleatorio,4,7.9462
Selection,Serial,1,10000,Aleatorio,4,32.7
Selection,Paralelo,1,10000,Aleatorio,4,33.1897
Selection,Paralelo,2,10000,Aleatorio,4,9.9368
Selection,Paralelo,4,10000,Aleatorio,4,6.0443
Selection,Paralelo,8,10000,Aleatorio,4,5.1327
Insertion,Serial,1,10000,Aleatorio,4,29.856
Insertion,Paralelo,1,10000,Aleatorio,4,28.7777
Insertion,Paralelo,2,10000,Aleatorio,4,10.539
Insertion,Paralelo,4,10000,Aleatorio,4,4.3944
Insertion,Paralelo,8,10000,Aleatorio,4,4.6796
Merge,Serial,1,10000,Aleatorio,4,1.2896
Merge,Paralelo,1,10000,Aleatorio,4,1.6137
Merge,Paralelo,2,10000,Aleatorio,4,1.2552
Merge,Paralelo,4,10000,Aleatorio,4,1.5054
Merge,Paralelo,8,10000,Aleatorio,4,1.5513
Bubble,Serial,1,10000,Aleatorio,5,130.4702
Bubble,Paralelo,1,10000,Aleatorio,5,125.404
Bubble,Paralelo,2,10000,Aleatorio,5,32.4069
Bubble,Paralelo,4,10000,Aleatorio,5,10.5895
Bubble,Paralelo,8,10000,Aleatorio,5,9.2384
Selection,Serial,1,10000,Aleatorio,5,31.1281
Selection,Paralelo,1,10000,Aleatorio,5,37.0789
Selection,Paralelo,2,10000,Aleatorio,5,12.2785
Selection,Paralelo,4,10000,Aleatorio,5,4.6459
Selection,Paralelo,8,10000,Aleatorio,5,3.4279
Insertion,Serial,1,10000,Aleatorio,5,31.1818
Insertion,Paralelo,1,10000,Aleatorio,5,29.2721
Insertion,Paralelo,2,10000,Aleatorio,5,7.7292
Insertion,Paralelo,4,10000,Aleatorio,5,6.7165
Insertion,Paralelo,8,10000,Aleatorio,5,4.2929
Merge,Serial,1,10000,Aleatorio,5,1.2755
Merge,Paralelo,1,10000,Aleatorio,5,1.6268
Merge,Paralelo,2,10000,Aleatorio,5,1.656
Merge,Paralelo,4,10000,Aleatorio,5,1.6471
Merge,Paralelo,8,10000,Aleatorio,5,3.9732
Bubble,Serial,1,10000,Ordenado,1,31.2659
Bubble,Paralelo,1,10000,Ordenado,1,29.5444
Bubble,Paralelo,2,10000,Ordenado,1,11.3465
Bubble,Paralelo,4,10000,Ordenado,1,4.0604
Bubble,Paralelo,8,10000,Ordenado,1,5.81
Selection,Serial,1,10000,Ordenado,1,29.6145
Selection,Paralelo,1,10000,Ordenado,1,26.7869
Selection,Paralelo,2,10000,Ordenado,1,11.0579
Selection,Paralelo,4,10000,Ordenado,1,4.0979
Selection,Paralelo,8,10000,Ordenado,1,2.815
Insertion,Serial,1,10000,Ordenado,1,0.025
Insertion,Paralelo,1,10000,Ordenado,1,0.3627
Insertion,Paralelo,2,10000,Ordenado,1,0.3445
Insertion,Paralelo,4,10000,Ordenado,1,0.6141
Insertion,Paralelo,8,10000,Ordenado,1,2.2312
Merge,Serial,1,10000,Ordenado,1,1.4032
Merge,Paralelo,1,10000,Ordenado,1,1.2805
Merge,Paralelo,2,10000,Ordenado,1,1.1536
Merge,Paralelo,4,10000,Ordenado,1,1.0284
Merge,Paralelo,8,10000,Ordenado,1,1.4864
Bubble,Serial,1,10000,Ordenado,2,27.8568
Bubble,Paralelo,1,10000,Ordenado,2,28.1791
Bubble,Paralelo,2,10000,Ordenado,2,9.1767
Bubble,Paralelo,4,10000,Ordenado,2,3.9265
Bubble,Paralelo,8,10000,Ordenado,2,2.2748
Selection,Serial,1,10000,Ordenado,2,28.4708
Selection,Paralelo,1,10000,Ordenado,2,34.222
Selection,Paralelo,2,10000,Ordenado,2,11.4455
Selection,Paralelo,4,10000,Ordenado,2,4.187
Selection,Paralelo,8,10000,Ordenado,2,2.361
Insertion,Serial,1,10000,Ordenado,2,0.0269
Insertion,Paralelo,1,10000,Ordenado,2,0.4629
Insertion,Paralelo,2,10000,Ordenado,2,0.4095
Insertion,Paralelo,4,10000,Ordenado,2,0.5565
Insertion,Paralelo,8,10000,Ordenado,2,1.0301
Merge,Serial,1,10000,Ordenado,2,1.4822
Merge,Paralelo,1,10000,Ordenado,2,1.8548
Merge,Paralelo,2,10000,Ordenado,2,0.981
Merge,Paralelo,4,10000,Ordenado,2,1.1331
Merge,Paralelo,8,10000,Ordenado,2,1.6838
Bubble,Serial,1,10000,Ordenado,3,30.5012
Bubble,Paralelo,1,10000,Ordenado,3,29.1963
Bubble,Paralelo,2,10000,Ordenado,3,9.6721
Bubble,Paralelo,4,10000,Ordenado,3,4.4178
Bubble,Paralelo,8,10000,Ordenado,3,3.7985
Selection,Serial,1,10000,Ordenado,3,28.2539
Selection,Paralelo,1,10000,Ordenado,3,30.0369
Selection,Paralelo,2,10000,Ordenado,3,9.9344
Selection,Paralelo,4,10000,Ordenado,3,3.9748
Selection,Paralelo,8,10000,Ordenado,3,2.4779
Insertion,Serial,1,10000,Ordenado,3,0.0205
Insertion,Paralelo,1,10000,Ordenado,3,0.4501
Insertion,Paralelo,2,10000,Ordenado,3,0.51
Insertion,Paralelo,4,10000,Ordenado,3,0.5213
Insertion,Paralelo,8,10000,Ordenado,3,0.8758
Merge,Serial,1,10000,Ordenado,3,0.7086
Merge,Paralelo,1,10000,Ordenado,3,1.4865
Merge,Paralelo,2,10000,Ordenado,3,1.6392
Merge,Paralelo,4,10000,Ordenado,3,1.2455
Merge,Paralelo,8,10000,Ordenado,3,1.3999
Bubble,Serial,1,10000,Ordenado,4,29.6217
Bubble,Paralelo,1,10000,Ordenado,4,26.5227
Bubble,Paralelo,2,10000,Ordenado,4,10.1168
Bubble,Paralelo,4,10000,Ordenado,4,16.1542
Bubble,Paralelo,8,10000,Ordenado,4,2.1769
Selection,Serial,1,10000,Ordenado,4,29.2672
Selection,Paralelo,1,10000,Ordenado,4,29.6786
Selection,Paralelo,2,10000,Ordenado,4,8.9592
Selection,Paralelo,4,10000,Ordenado,4,4.1969
Selection,Paralelo,8,10000,Ordenado,4,5.2522
Insertion,Serial,1,10000,Ordenado,4,0.0159
Insertion,Paralelo,1,10000,Ordenado,4,0.4036
Insertion,Paralelo,2,10000,Ordenado,4,0.426
Insertion,Paralelo,4,10000,Ordenado,4,0.4609
Insertion,Paralelo,8,10000,Ordenado,4,0.7875
Merge,Serial,1,10000,Ordenado,4,0.7025
Merge,Paralelo,1,10000,Ordenado,4,0.9328
Merge,Paralelo,2,10000,Ordenado,4,1.0417
Merge,Paralelo,4,10000,Ordenado,4,0.7912
Merge,Paralelo,8,10000,Ordenado,4,1.3359
Bubble,Serial,1,10000,Ordenado,5,25.6322
Bubble,Paralelo,1,10000,Ordenado,5,34.3308
Bubble,Paralelo,2,10000,Ordenado,5,12.9336
Bubble,Paralelo,4,10000,Ordenado,5,6.0519
Bubble,Paralelo,8,10000,Ordenado,5,3.8649
Selection,Serial,1,10000,Ordenado,5,38.4235
Selection,Paralelo,1,10000,Ordenado,5,26.8901
Selection,Paralelo,2,10000,Ordenado,5,10.1142
Selection,Paralelo,4,10000,Ordenado,5,3.9614
Selection,Paralelo,8,10000,Ordenado,5,2.8675
Insertion,Serial,1,10000,Ordenado,5,0.0238
Insertion,Paralelo,1,10000,Ordenado,5,0.3196
Insertion,Paralelo,2,10000,Ordenado,5,0.3266
Insertion,Paralelo,4,10000,Ordenado,5,0.5824
Insertion,Paralelo,8,10000,Ordenado,5,2.0727
Merge,Serial,1,10000,Ordenado,5,0.9434
Merge,Paralelo,1,10000,Ordenado,5,1.6723
Merge,Paralelo,2,10000,Ordenado,5,1.1003
Merge,Paralelo,4,10000,Ordenado,5,2.1736
Merge,Paralelo,8,10000,Ordenado,5,1.5043
Bubble,Serial,1,10000,Reverso,1,57.5207
Bubble,Paralelo,1,10000,Reverso,1,68.0741
Bubble,Paralelo,2,10000,Reverso,1,20.5924
Bubble,Paralelo,4,10000,Reverso,1,5.6188
Bubble,Paralelo,8,10000,Reverso,1,5.0275
Selection,Serial,1,10000,Reverso,1,43.2236
Selection,Paralelo,1,10000,Reverso,1,43.215
Selection,Paralelo,2,10000,Reverso,1,12.6414
Selection,Paralelo,4,10000,Reverso,1,6.4786
Selection,Paralelo,8,10000,Reverso,1,4.0574
Insertion,Serial,1,10000,Reverso,1,59.5437
Insertion,Paralelo,1,10000,Reverso,1,57.7064
Insertion,Paralelo,2,10000,Reverso,1,16.453
Insertion,Paralelo,4,10000,Reverso,1,10.1005
Insertion,Paralelo,8,10000,Reverso,1,4.5271
Merge,Serial,1,10000,Reverso,1,0.8194
Merge,Paralelo,1,10000,Reverso,1,1.1759
Merge,Paralelo,2,10000,Reverso,1,3.0642
Merge,Paralelo,4,10000,Reverso,1,1.4494
Merge,Paralelo,8,10000,Reverso,1,1.4389
Bubble,Serial,1,10000,Reverso,2,49.1266
Bubble,Paralelo,1,10000,Reverso,2,67.8969
Bubble,Paralelo,2,10000,Reverso,2,17.4904
Bubble,Paralelo,4,10000,Reverso,2,5.514
Bubble,Paralelo,8,10000,Reverso,2,4.8151
Selection,Serial,1,10000,Reverso,2,41.6533
Selection,Paralelo,1,10000,Reverso,2,41.2958
Selection,Paralelo,2,10000,Reverso,2,11.5054
Selection,Paralelo,4,10000,Reverso,2,7.0703
Selection,Paralelo,8,10000,Reverso,2,5.8873
Insertion,Serial,1,10000,Reverso,2,54.6465
Insertion,Paralelo,1,10000,Reverso,2,53.5076
Insertion,Paralelo,2,10000,Reverso,2,17.1611
Insertion,Paralelo,4,10000,Reverso,2,7.4857
Insertion,Paralelo,8,10000,Reverso,2,4.6564
Merge,Serial,1,10000,Reverso,2,1.3729
Merge,Paralelo,1,10000,Reverso,2,1.5194
Merge,Paralelo,2,10000,Reverso,2,1.0054
Merge,Paralelo,4,10000,Reverso,2,1.162
Merge,Paralelo,8,10000,Reverso,2,3.4276
Bubble,Serial,1,10000,Reverso,3,65.3852
Bubble,Paralelo,1,10000,Reverso,3,80.5223
Bubble,Paralelo,2,10000,Reverso,3,26.4445
Bubble,Paralelo,4,10000,Reverso,3,11.696
Bubble,Paralelo,8,10000,Reverso,3,11.6306
Selection,Serial,1,10000,Reverso,3,66.8629
Selection,Paralelo,1,10000,Reverso,3,63.1729
Selection,Paralelo,2,10000,Reverso,3,22.0834
Selection,Paralelo,4,10000,Reverso,3,17.9359
Selection,Paralelo,8,10000,Reverso,3,15.6966
Insertion,Serial,1,10000,Reverso,3,64.0911
Insertion,Paralelo,1,10000,Reverso,3,58.6719
Insertion,Paralelo,2,10000,Reverso,3,17.9601
Insertion,Paralelo,4,10000,Reverso,3,7.0304
Insertion,Paralelo,8,10000,Reverso,3,7.106
Merge,Serial,1,10000,Reverso,3,1.0788
Merge,Paralelo,1,10000,Reverso,3,1.5388
Merge,Paralelo,2,10000,Reverso,3,0.7694
Merge,Paralelo,4,10000,Reverso,3,0.9053
Merge,Paralelo,8,10000,Reverso,3,1.9047
Bubble,Serial,1,10000,Reverso,4,57.9602
Bubble,Paralelo,1,10000,Reverso,4,51.1102
Bubble,Paralelo,2,10000,Reverso,4,18.8756
Bubble,Paralelo,4,10000,Reverso,4,6.3715
Bubble,Paralelo,8,10000,Reverso,4,8.0877
Selection,Serial,1,10000,Reverso,4,52.3049
Selection,Paralelo,1,10000,Reverso,4,44.7044
Selection,Paralelo,2,10000,Reverso,4,12.7338
Selection,Paralelo,4,10000,Reverso,4,8.5212
Selection,Paralelo,8,10000,Reverso,4,3.1492
Insertion,Serial,1,10000,Reverso,4,57.6424
Insertion,Paralelo,1,10000,Reverso,4,57.6588
Insertion,Paralelo,2,10000,Reverso,4,17.1244
Insertion,Paralelo,4,10000,Reverso,4,9.7495
Insertion,Paralelo,8,10000,Reverso,4,5.7509
Merge,Serial,1,10000,Reverso,4,1.2555
Merge,Paralelo,1,10000,Reverso,4,1.6339
Merge,Paralelo,2,10000,Reverso,4,0.8864
Merge,Paralelo,4,10000,Reverso,4,2.7838
Merge,Paralelo,8,10000,Reverso,4,2.1864
Bubble,Serial,1,10000,Reverso,5,65.9375
Bubble,Paralelo,1,10000,Reverso,5,67.4085
Bubble,Paralelo,2,10000,Reverso,5,17.2817
Bubble,Paralelo,4,10000,Reverso,5,6.2159
Bubble,Paralelo,8,10000,Reverso,5,3.8269
Selection,Serial,1,10000,Reverso,5,42.3211
Selection,Paralelo,1,10000,Reverso,5,44.0221
Selection,Paralelo,2,10000,Reverso,5,15.3137
Selection,Paralelo,4,10000,Reverso,5,4.8638
Selection,Paralelo,8,10000,Reverso,5,3.2795
Insertion,Serial,1,10000,Reverso,5,123.0572
Insertion,Paralelo,1,10000,Reverso,5,78.9573
Insertion,Paralelo,2,10000,Reverso,5,16.3918
Insertion,Paralelo,4,10000,Reverso,5,7.9879
Insertion,Paralelo,8,10000,Reverso,5,6.0309
Merge,Serial,1,10000,Reverso,5,2.0957
Merge,Paralelo,1,10000,Reverso,5,1.3264
Merge,Paralelo,2,10000,Reverso,5,1.0222
Merge,Paralelo,4,10000,Reverso,5,1.2719
Merge,Paralelo,8,10000,Reverso,5,1.2555
